seed_id,seed,cross_source_1_id,cross_source_1_name,cross_source_1_day,cross_source_2_id,cross_source_2_name,cross_source_2_day,by_products_id,by_products_name,score
Seed_036,薩維奈圓蔥種子,Seed_001,皇家可可豆種子,6,Seed_002,希爾奇斯菜薊種子,5,Seed_003,黃杏種子,88
Seed_036,薩維奈圓蔥種子,Seed_004,哈羅妮丁菊種子,6,Seed_005,坦塔爾矮瓜種子,5,Seed_006,提諾爾卡茶樹種子,88
Seed_036,薩維奈圓蔥種子,Seed_007,妮美雅百合種子,6,Seed_008,帕薩納紅茄種子,5,Seed_006,提諾爾卡茶樹種子,88
Seed_036,薩維奈圓蔥種子,Seed_007,妮美雅百合種子,6,Seed_002,希爾奇斯菜薊種子,5,Seed_006,提諾爾卡茶樹種子,88
Seed_036,薩維奈圓蔥種子,Seed_007,妮美雅百合種子,6,Seed_005,坦塔爾矮瓜種子,5,Seed_006,提諾爾卡茶樹種子,88
Seed_036,薩維奈圓蔥種子,Seed_004,哈羅妮丁菊種子,6,Seed_002,希爾奇斯菜薊種子,5,Seed_006,提諾爾卡茶樹種子,88
Seed_036,薩維奈圓蔥種子,Seed_009,珍珠葵種子,6,Seed_002,希爾奇斯菜薊種子,5,Seed_006,提諾爾卡茶樹種子,88
Seed_036,薩維奈圓蔥種子,Seed_009,珍珠葵種子,6,Seed_005,坦塔爾矮瓜種子,5,Seed_006,提諾爾卡茶樹種子,88
Seed_036,薩維奈圓蔥種子,Seed_009,珍珠葵種子,6,Seed_008,帕薩納紅茄種子,5,Seed_006,提諾爾卡茶樹種子,88
Seed_036,薩維奈圓蔥種子,Seed_007,妮美雅百合種子,6,Seed_010,米梅特葫蘆種子,5,Seed_006,提諾爾卡茶樹種子,88
Seed_036,薩維奈圓蔥種子,Seed_011,黃麻種子,7,Seed_010,米梅特葫蘆種子,5,Seed_006,提諾爾卡茶樹種子,88
Seed_036,薩維奈圓蔥種子,Seed_011,黃麻種子,7,Seed_002,希爾奇斯菜薊種子,5,Seed_006,提諾爾卡茶樹種子,88
Seed_036,薩維奈圓蔥種子,Seed_012,掃帚草種子,7,Seed_002,希爾奇斯菜薊種子,5,Seed_006,提諾爾卡茶樹種子,88
Seed_036,薩維奈圓蔥種子,Seed_012,掃帚草種子,7,Seed_005,坦塔爾矮瓜種子,5,Seed_006,提諾爾卡茶樹種子,88
Seed_036,薩維奈圓蔥種子,Seed_011,黃麻種子,7,Seed_008,帕薩納紅茄種子,5,Seed_006,提諾爾卡茶樹種子,88
Seed_036,薩維奈圓蔥種子,Seed_012,掃帚草種子,7,Seed_008,帕薩納紅茄種子,5,Seed_006,提諾爾卡茶樹種子,88
Seed_036,薩維奈圓蔥種子,Seed_012,掃帚草種子,7,Seed_013,庫里爾蘿蔔種子,5,Seed_006,提諾爾卡茶樹種子,88
Seed_036,薩維奈圓蔥種子,Seed_012,掃帚草種子,7,Seed_010,米梅特葫蘆種子,5,Seed_006,提諾爾卡茶樹種子,88
Seed_036,薩維奈圓蔥種子,Seed_011,黃麻種子,7,Seed_005,坦塔爾矮瓜種子,5,Seed_006,提諾爾卡茶樹種子,88
Seed_036,薩維奈圓蔥種子,Seed_009,珍珠葵種子,6,Seed_010,米梅特葫蘆種子,5,Seed_006,提諾爾卡茶樹種子,88
Seed_036,薩維奈圓蔥種子,Seed_004,哈羅妮丁菊種子,6,Seed_008,帕薩納紅茄種子,5,Seed_006,提諾爾卡茶樹種子,88
Seed_036,薩維奈圓蔥種子,Seed_007,妮美雅百合種子,6,Seed_013,庫里爾蘿蔔種子,5,Seed_006,提諾爾卡茶樹種子,88
Seed_036,薩維奈圓蔥種子,Seed_011,黃麻種子,7,Seed_013,庫里爾蘿蔔種子,5,Seed_006,提諾爾卡茶樹種子,88
Seed_036,薩維奈圓蔥種子,Seed_001,皇家可可豆種子,6,Seed_010,米梅特葫蘆種子,5,Seed_003,黃杏種子,88
Seed_036,薩維奈圓蔥種子,Seed_001,皇家可可豆種子,6,Seed_013,庫里爾蘿蔔種子,5,Seed_003,黃杏種子,88
Seed_036,薩維奈圓蔥種子,Seed_001,皇家可可豆種子,6,Seed_005,坦塔爾矮瓜種子,5,Seed_003,黃杏種子,88
Seed_036,薩維奈圓蔥種子,Seed_001,皇家可可豆種子,6,Seed_008,帕薩納紅茄種子,5,Seed_003,黃杏種子,88
Seed_036,薩維奈圓蔥種子,Seed_004,哈羅妮丁菊種子,6,Seed_010,米梅特葫蘆種子,5,Seed_006,提諾爾卡茶樹種子,88
Seed_036,薩維奈圓蔥種子,Seed_004,哈羅妮丁菊種子,6,Seed_013,庫里爾蘿蔔種子,5,Seed_006,提諾爾卡茶樹種子,88
Seed_036,薩維奈圓蔥種子,Seed_009,珍珠葵種子,6,Seed_013,庫里爾蘿蔔種子,5,Seed_006,提諾爾卡茶樹種子,88
Seed_013,庫里爾蘿蔔種子,Seed_013,庫里爾蘿蔔種子,5,Seed_014,魔蕨菜孢子,5,Seed_015,庫爾札斯茶樹種子,87
Seed_036,薩維奈圓蔥種子,Seed_010,米梅特葫蘆種子,5,Seed_014,魔蕨菜孢子,5,Seed_015,庫爾札斯茶樹種子,87
Seed_036,薩維奈圓蔥種子,Seed_008,帕薩納紅茄種子,5,Seed_014,魔蕨菜孢子,5,Seed_015,庫爾札斯茶樹種子,87
Seed_036,薩維奈圓蔥種子,Seed_016,傘葉無花果種子,7,Seed_013,庫里爾蘿蔔種子,5,Seed_003,黃杏種子,87
Seed_036,薩維奈圓蔥種子,Seed_005,坦塔爾矮瓜種子,5,Seed_014,魔蕨菜孢子,5,Seed_015,庫爾札斯茶樹種子,87
Seed_036,薩維奈圓蔥種子,Seed_016,傘葉無花果種子,7,Seed_008,帕薩納紅茄種子,5,Seed_003,黃杏種子,87
Seed_036,薩維奈圓蔥種子,Seed_016,傘葉無花果種子,7,Seed_005,坦塔爾矮瓜種子,5,Seed_003,黃杏種子,87
Seed_036,薩維奈圓蔥種子,Seed_002,希爾奇斯菜薊種子,5,Seed_014,魔蕨菜孢子,5,Seed_015,庫爾札斯茶樹種子,87
Seed_036,薩維奈圓蔥種子,Seed_016,傘葉無花果種子,7,Seed_010,米梅特葫蘆種子,5,Seed_003,黃杏種子,87
Seed_036,薩維奈圓蔥種子,Seed_016,傘葉無花果種子,7,Seed_002,希爾奇斯菜薊種子,5,Seed_003,黃杏種子,87
Seed_036,薩維奈圓蔥種子,Seed_008,帕薩納紅茄種子,5,Seed_017,血椒種子,7,Seed_015,庫爾札斯茶樹種子,86
Seed_036,薩維奈圓蔥種子,Seed_002,希爾奇斯菜薊種子,5,Seed_017,血椒種子,7,Seed_015,庫爾札斯茶樹種子,86
Seed_036,薩維奈圓蔥種子,Seed_005,坦塔爾矮瓜種子,5,Seed_017,血椒種子,7,Seed_015,庫爾札斯茶樹種子,86
Seed_036,薩維奈圓蔥種子,Seed_010,米梅特葫蘆種子,5,Seed_017,血椒種子,7,Seed_015,庫爾札斯茶樹種子,86
Seed_036,薩維奈圓蔥種子,Seed_018,釉質堅果種子,7,Seed_010,米梅特葫蘆種子,5,Seed_003,黃杏種子,86
Seed_036,薩維奈圓蔥種子,Seed_018,釉質堅果種子,7,Seed_008,帕薩納紅茄種子,5,Seed_003,黃杏種子,86
Seed_036,薩維奈圓蔥種子,Seed_013,庫里爾蘿蔔種子,5,Seed_017,血椒種子,7,Seed_015,庫爾札斯茶樹種子,86
Seed_036,薩維奈圓蔥種子,Seed_018,釉質堅果種子,7,Seed_002,希爾奇斯菜薊種子,5,Seed_003,黃杏種子,86
Seed_036,薩維奈圓蔥種子,Seed_018,釉質堅果種子,7,Seed_005,坦塔爾矮瓜種子,5,Seed_003,黃杏種子,86
Seed_036,薩維奈圓蔥種子,Seed_018,釉質堅果種子,7,Seed_013,庫里爾蘿蔔種子,5,Seed_003,黃杏種子,86
Seed_013,庫里爾蘿蔔種子,Seed_019,血紅奇異果種子,5,Seed_020,克拉卡蘿蔔種子,3,Seed_021,拉札罕檸檬種子,94
Seed_013,庫里爾蘿蔔種子,Seed_022,晶亮蘋果種子,5,Seed_020,克拉卡蘿蔔種子,3,Seed_021,拉札罕檸檬種子,94
Seed_013,庫里爾蘿蔔種子,Seed_023,新薯芽塊,5,Seed_020,克拉卡蘿蔔種子,3,Seed_024,謝爾達萊鳳梨種子,94
Seed_013,庫里爾蘿蔔種子,Seed_037,甘菊種子,5,Seed_020,克拉卡蘿蔔種子,3,Seed_025,奧·哥摩羅漿果種子,94
Seed_013,庫里爾蘿蔔種子,Seed_022,晶亮蘋果種子,5,Seed_026,基薩爾種子,3,Seed_021,拉札罕檸檬種子,93
Seed_013,庫里爾蘿蔔種子,Seed_023,新薯芽塊,5,Seed_027,輝鱗油梨種子,2,Seed_024,謝爾達萊鳳梨種子,93
Seed_013,庫里爾蘿蔔種子,Seed_023,新薯芽塊,5,Seed_028,多瑪青梅種子,2,Seed_024,謝爾達萊鳳梨種子,93
Seed_013,庫里爾蘿蔔種子,Seed_023,新薯芽塊,5,Seed_029,瓦爾醋栗種子,2,Seed_024,謝爾達萊鳳梨種子,93
Seed_013,庫里爾蘿蔔種子,Seed_023,新薯芽塊,5,Seed_030,塞爾法特爾沙果種子,2,Seed_024,謝爾達萊鳳梨種子,93
Seed_013,庫里爾蘿蔔種子,Seed_023,新薯芽塊,5,Seed_025,奧·哥摩羅漿果種子,2,Seed_024,謝爾達萊鳳梨種子,93
Seed_013,庫里爾蘿蔔種子,Seed_023,新薯芽塊,5,Seed_024,謝爾達萊鳳梨種子,2,Seed_024,謝爾達萊鳳梨種子,93
Seed_013,庫里爾蘿蔔種子,Seed_023,新薯芽塊,5,Seed_021,拉札罕檸檬種子,2,Seed_024,謝爾達萊鳳梨種子,93
Seed_013,庫里爾蘿蔔種子,Seed_037,甘菊種子,5,Seed_026,基薩爾種子,3,Seed_025,奧·哥摩羅漿果種子,93
Seed_013,庫里爾蘿蔔種子,Seed_037,甘菊種子,5,Seed_029,瓦爾醋栗種子,2,Seed_025,奧·哥摩羅漿果種子,93
Seed_013,庫里爾蘿蔔種子,Seed_037,甘菊種子,5,Seed_025,奧·哥摩羅漿果種子,2,Seed_025,奧·哥摩羅漿果種子,93
Seed_013,庫里爾蘿蔔種子,Seed_023,新薯芽塊,5,Seed_026,基薩爾種子,3,Seed_024,謝爾達萊鳳梨種子,93
Seed_013,庫里爾蘿蔔種子,Seed_037,甘菊種子,5,Seed_027,輝鱗油梨種子,2,Seed_025,奧·哥摩羅漿果種子,93
Seed_013,庫里爾蘿蔔種子,Seed_037,甘菊種子,5,Seed_030,塞爾法特爾沙果種子,2,Seed_025,奧·哥摩羅漿果種子,93
Seed_013,庫里爾蘿蔔種子,Seed_037,甘菊種子,5,Seed_028,多瑪青梅種子,2,Seed_025,奧·哥摩羅漿果種子,93
Seed_013,庫里爾蘿蔔種子,Seed_037,甘菊種子,5,Seed_024,謝爾達萊鳳梨種子,2,Seed_025,奧·哥摩羅漿果種子,93
Seed_013,庫里爾蘿蔔種子,Seed_022,晶亮蘋果種子,5,Seed_021,拉札罕檸檬種子,2,Seed_021,拉札罕檸檬種子,93
Seed_013,庫里爾蘿蔔種子,Seed_022,晶亮蘋果種子,5,Seed_027,輝鱗油梨種子,2,Seed_021,拉札罕檸檬種子,93
Seed_013,庫里爾蘿蔔種子,Seed_019,血紅奇異果種子,5,Seed_027,輝鱗油梨種子,2,Seed_021,拉札罕檸檬種子,93
Seed_013,庫里爾蘿蔔種子,Seed_019,血紅奇異果種子,5,Seed_029,瓦爾醋栗種子,2,Seed_021,拉札罕檸檬種子,93
Seed_013,庫里爾蘿蔔種子,Seed_022,晶亮蘋果種子,5,Seed_024,謝爾達萊鳳梨種子,2,Seed_021,拉札罕檸檬種子,93
Seed_013,庫里爾蘿蔔種子,Seed_019,血紅奇異果種子,5,Seed_028,多瑪青梅種子,2,Seed_021,拉札罕檸檬種子,93
Seed_013,庫里爾蘿蔔種子,Seed_019,血紅奇異果種子,5,Seed_026,基薩爾種子,3,Seed_021,拉札罕檸檬種子,93
Seed_013,庫里爾蘿蔔種子,Seed_019,血紅奇異果種子,5,Seed_030,塞爾法特爾沙果種子,2,Seed_021,拉札罕檸檬種子,93
Seed_013,庫里爾蘿蔔種子,Seed_019,血紅奇異果種子,5,Seed_024,謝爾達萊鳳梨種子,2,Seed_021,拉札罕檸檬種子,93
Seed_013,庫里爾蘿蔔種子,Seed_019,血紅奇異果種子,5,Seed_025,奧·哥摩羅漿果種子,2,Seed_021,拉札罕檸檬種子,93
Seed_013,庫里爾蘿蔔種子,Seed_037,甘菊種子,5,Seed_021,拉札罕檸檬種子,2,Seed_025,奧·哥摩羅漿果種子,93
Seed_013,庫里爾蘿蔔種子,Seed_019,血紅奇異果種子,5,Seed_021,拉札罕檸檬種子,2,Seed_021,拉札罕檸檬種子,93
Seed_013,庫里爾蘿蔔種子,Seed_022,晶亮蘋果種子,5,Seed_028,多瑪青梅種子,2,Seed_021,拉札罕檸檬種子,93
Seed_013,庫里爾蘿蔔種子,Seed_022,晶亮蘋果種子,5,Seed_029,瓦爾醋栗種子,2,Seed_021,拉札罕檸檬種子,93
Seed_013,庫里爾蘿蔔種子,Seed_022,晶亮蘋果種子,5,Seed_025,奧·哥摩羅漿果種子,2,Seed_021,拉札罕檸檬種子,93
Seed_013,庫里爾蘿蔔種子,Seed_022,晶亮蘋果種子,5,Seed_030,塞爾法特爾沙果種子,2,Seed_021,拉札罕檸檬種子,93
Seed_002,希爾奇斯菜薊種子,Seed_020,克拉卡蘿蔔種子,3,Seed_006,提諾爾卡茶樹種子,5,Seed_015,庫爾札斯茶樹種子,94
Seed_002,希爾奇斯菜薊種子,Seed_031,扁桃種子,5,Seed_020,克拉卡蘿蔔種子,3,Seed_015,庫爾札斯茶樹種子,93
Seed_002,希爾奇斯菜薊種子,Seed_028,多瑪青梅種子,2,Seed_006,提諾爾卡茶樹種子,5,Seed_015,庫爾札斯茶樹種子,93
Seed_002,希爾奇斯菜薊種子,Seed_027,輝鱗油梨種子,2,Seed_006,提諾爾卡茶樹種子,5,Seed_015,庫爾札斯茶樹種子,93
Seed_002,希爾奇斯菜薊種子,Seed_030,塞爾法特爾沙果種子,2,Seed_006,提諾爾卡茶樹種子,5,Seed_015,庫爾札斯茶樹種子,93
Seed_002,希爾奇斯菜薊種子,Seed_020,克拉卡蘿蔔種子,3,Seed_043,小包心菜種子,5,Seed_043,小包心菜種子,93
Seed_002,希爾奇斯菜薊種子,Seed_026,基薩爾種子,3,Seed_006,提諾爾卡茶樹種子,5,Seed_015,庫爾札斯茶樹種子,93
Seed_002,希爾奇斯菜薊種子,Seed_025,奧·哥摩羅漿果種子,2,Seed_006,提諾爾卡茶樹種子,5,Seed_015,庫爾札斯茶樹種子,93
Seed_002,希爾奇斯菜薊種子,Seed_024,謝爾達萊鳳梨種子,2,Seed_006,提諾爾卡茶樹種子,5,Seed_015,庫爾札斯茶樹種子,93
Seed_002,希爾奇斯菜薊種子,Seed_021,拉札罕檸檬種子,2,Seed_006,提諾爾卡茶樹種子,5,Seed_015,庫爾札斯茶樹種子,93
Seed_002,希爾奇斯菜薊種子,Seed_029,瓦爾醋栗種子,2,Seed_006,提諾爾卡茶樹種子,5,Seed_015,庫爾札斯茶樹種子,93
Seed_002,希爾奇斯菜薊種子,Seed_031,扁桃種子,5,Seed_021,拉札罕檸檬種子,2,Seed_015,庫爾札斯茶樹種子,92
Seed_002,希爾奇斯菜薊種子,Seed_006,提諾爾卡茶樹種子,6,Seed_020,克拉卡蘿蔔種子,3,Seed_015,庫爾札斯茶樹種子,92
Seed_002,希爾奇斯菜薊種子,Seed_006,提諾爾卡茶樹種子,6,Seed_029,瓦爾醋栗種子,2,Seed_015,庫爾札斯茶樹種子,92
Seed_002,希爾奇斯菜薊種子,Seed_006,提諾爾卡茶樹種子,6,Seed_028,多瑪青梅種子,2,Seed_015,庫爾札斯茶樹種子,92
Seed_002,希爾奇斯菜薊種子,Seed_031,扁桃種子,5,Seed_026,基薩爾種子,3,Seed_015,庫爾札斯茶樹種子,92
Seed_002,希爾奇斯菜薊種子,Seed_006,提諾爾卡茶樹種子,6,Seed_027,輝鱗油梨種子,2,Seed_015,庫爾札斯茶樹種子,92
Seed_002,希爾奇斯菜薊種子,Seed_006,提諾爾卡茶樹種子,6,Seed_030,塞爾法特爾沙果種子,2,Seed_015,庫爾札斯茶樹種子,92
Seed_002,希爾奇斯菜薊種子,Seed_029,瓦爾醋栗種子,2,Seed_043,小包心菜種子,5,Seed_043,小包心菜種子,92
Seed_002,希爾奇斯菜薊種子,Seed_031,扁桃種子,5,Seed_027,輝鱗油梨種子,2,Seed_015,庫爾札斯茶樹種子,92
Seed_002,希爾奇斯菜薊種子,Seed_006,提諾爾卡茶樹種子,6,Seed_025,奧·哥摩羅漿果種子,2,Seed_015,庫爾札斯茶樹種子,92
Seed_002,希爾奇斯菜薊種子,Seed_030,塞爾法特爾沙果種子,2,Seed_043,小包心菜種子,5,Seed_043,小包心菜種子,92
Seed_002,希爾奇斯菜薊種子,Seed_031,扁桃種子,5,Seed_024,謝爾達萊鳳梨種子,2,Seed_015,庫爾札斯茶樹種子,92
Seed_002,希爾奇斯菜薊種子,Seed_031,扁桃種子,5,Seed_029,瓦爾醋栗種子,2,Seed_015,庫爾札斯茶樹種子,92
Seed_002,希爾奇斯菜薊種子,Seed_031,扁桃種子,5,Seed_025,奧·哥摩羅漿果種子,2,Seed_015,庫爾札斯茶樹種子,92
Seed_002,希爾奇斯菜薊種子,Seed_021,拉札罕檸檬種子,2,Seed_043,小包心菜種子,5,Seed_043,小包心菜種子,92
Seed_002,希爾奇斯菜薊種子,Seed_025,奧·哥摩羅漿果種子,2,Seed_043,小包心菜種子,5,Seed_043,小包心菜種子,92
Seed_002,希爾奇斯菜薊種子,Seed_024,謝爾達萊鳳梨種子,2,Seed_043,小包心菜種子,5,Seed_043,小包心菜種子,92
Seed_002,希爾奇斯菜薊種子,Seed_006,提諾爾卡茶樹種子,6,Seed_024,謝爾達萊鳳梨種子,2,Seed_015,庫爾札斯茶樹種子,92
Seed_002,希爾奇斯菜薊種子,Seed_040,澤梅爾番茄種子,5,Seed_020,克拉卡蘿蔔種子,3,Seed_043,小包心菜種子,92
Seed_002,希爾奇斯菜薊種子,Seed_026,基薩爾種子,3,Seed_043,小包心菜種子,5,Seed_043,小包心菜種子,92
Seed_002,希爾奇斯菜薊種子,Seed_028,多瑪青梅種子,2,Seed_043,小包心菜種子,5,Seed_043,小包心菜種子,92
Seed_002,希爾奇斯菜薊種子,Seed_031,扁桃種子,5,Seed_028,多瑪青梅種子,2,Seed_015,庫爾札斯茶樹種子,92
Seed_002,希爾奇斯菜薊種子,Seed_027,輝鱗油梨種子,2,Seed_043,小包心菜種子,5,Seed_043,小包心菜種子,92
Seed_002,希爾奇斯菜薊種子,Seed_031,扁桃種子,5,Seed_030,塞爾法特爾沙果種子,2,Seed_015,庫爾札斯茶樹種子,92
Seed_002,希爾奇斯菜薊種子,Seed_006,提諾爾卡茶樹種子,6,Seed_021,拉札罕檸檬種子,2,Seed_015,庫爾札斯茶樹種子,92
Seed_002,希爾奇斯菜薊種子,Seed_003,黃杏種子,6,Seed_021,拉札罕檸檬種子,2,Seed_021,拉札罕檸檬種子,91
Seed_002,希爾奇斯菜薊種子,Seed_003,黃杏種子,6,Seed_030,塞爾法特爾沙果種子,2,Seed_021,拉札罕檸檬種子,91
Seed_002,希爾奇斯菜薊種子,Seed_003,黃杏種子,6,Seed_024,謝爾達萊鳳梨種子,2,Seed_021,拉札罕檸檬種子,91
Seed_002,希爾奇斯菜薊種子,Seed_003,黃杏種子,6,Seed_025,奧·哥摩羅漿果種子,2,Seed_021,拉札罕檸檬種子,91
Seed_002,希爾奇斯菜薊種子,Seed_003,黃杏種子,6,Seed_029,瓦爾醋栗種子,2,Seed_021,拉札罕檸檬種子,91
Seed_002,希爾奇斯菜薊種子,Seed_003,黃杏種子,6,Seed_020,克拉卡蘿蔔種子,3,Seed_021,拉札罕檸檬種子,91
Seed_002,希爾奇斯菜薊種子,Seed_003,黃杏種子,6,Seed_028,多瑪青梅種子,2,Seed_021,拉札罕檸檬種子,91
Seed_002,希爾奇斯菜薊種子,Seed_003,黃杏種子,6,Seed_027,輝鱗油梨種子,2,Seed_021,拉札罕檸檬種子,91
Seed_002,希爾奇斯菜薊種子,Seed_040,澤梅爾番茄種子,5,Seed_030,塞爾法特爾沙果種子,2,Seed_016,傘葉無花果種子,91
Seed_002,希爾奇斯菜薊種子,Seed_006,提諾爾卡茶樹種子,6,Seed_026,基薩爾種子,3,Seed_015,庫爾札斯茶樹種子,91
Seed_002,希爾奇斯菜薊種子,Seed_040,澤梅爾番茄種子,5,Seed_025,奧·哥摩羅漿果種子,2,Seed_043,小包心菜種子,91
Seed_002,希爾奇斯菜薊種子,Seed_040,澤梅爾番茄種子,5,Seed_021,拉札罕檸檬種子,2,Seed_043,小包心菜種子,91
Seed_002,希爾奇斯菜薊種子,Seed_040,澤梅爾番茄種子,5,Seed_028,多瑪青梅種子,2,Seed_043,小包心菜種子,91
Seed_002,希爾奇斯菜薊種子,Seed_040,澤梅爾番茄種子,5,Seed_029,瓦爾醋栗種子,2,Seed_043,小包心菜種子,91
Seed_002,希爾奇斯菜薊種子,Seed_040,澤梅爾番茄種子,5,Seed_024,謝爾達萊鳳梨種子,2,Seed_043,小包心菜種子,91
Seed_002,希爾奇斯菜薊種子,Seed_040,澤梅爾番茄種子,5,Seed_030,塞爾法特爾沙果種子,2,Seed_043,小包心菜種子,91
Seed_002,希爾奇斯菜薊種子,Seed_040,澤梅爾番茄種子,5,Seed_026,基薩爾種子,3,Seed_043,小包心菜種子,91
Seed_002,希爾奇斯菜薊種子,Seed_040,澤梅爾番茄種子,5,Seed_027,輝鱗油梨種子,2,Seed_043,小包心菜種子,91
Seed_010,米梅特葫蘆種子,Seed_032,中原甘藍種子,5,Seed_020,克拉卡蘿蔔種子,3,Seed_032,中原甘藍種子,96
Seed_010,米梅特葫蘆種子,Seed_032,中原甘藍種子,5,Seed_028,多瑪青梅種子,2,Seed_032,中原甘藍種子,95
Seed_010,米梅特葫蘆種子,Seed_032,中原甘藍種子,5,Seed_024,謝爾達萊鳳梨種子,2,Seed_032,中原甘藍種子,95
Seed_010,米梅特葫蘆種子,Seed_032,中原甘藍種子,5,Seed_021,拉札罕檸檬種子,2,Seed_032,中原甘藍種子,95
Seed_010,米梅特葫蘆種子,Seed_032,中原甘藍種子,5,Seed_026,基薩爾種子,3,Seed_032,中原甘藍種子,95
Seed_010,米梅特葫蘆種子,Seed_032,中原甘藍種子,5,Seed_027,輝鱗油梨種子,2,Seed_032,中原甘藍種子,95
Seed_010,米梅特葫蘆種子,Seed_032,中原甘藍種子,5,Seed_029,瓦爾醋栗種子,2,Seed_032,中原甘藍種子,95
Seed_010,米梅特葫蘆種子,Seed_032,中原甘藍種子,5,Seed_025,奧·哥摩羅漿果種子,2,Seed_032,中原甘藍種子,95
Seed_010,米梅特葫蘆種子,Seed_032,中原甘藍種子,5,Seed_030,塞爾法特爾沙果種子,2,Seed_032,中原甘藍種子,95
Seed_010,米梅特葫蘆種子,Seed_032,中原甘藍種子,5,Seed_020,克拉卡蘿蔔種子,3,Seed_032,中原甘藍種子,94
Seed_010,米梅特葫蘆種子,Seed_044,風茄種子,5,Seed_020,克拉卡蘿蔔種子,3,Seed_033,阿澤瑪玫瑰種子,94
Seed_010,米梅特葫蘆種子,Seed_044,風茄種子,5,Seed_025,奧·哥摩羅漿果種子,2,Seed_033,阿澤瑪玫瑰種子,93
Seed_010,米梅特葫蘆種子,Seed_044,風茄種子,5,Seed_030,塞爾法特爾沙果種子,2,Seed_033,阿澤瑪玫瑰種子,93
Seed_010,米梅特葫蘆種子,Seed_032,中原甘藍種子,5,Seed_025,奧·哥摩羅漿果種子,2,Seed_032,中原甘藍種子,93
Seed_010,米梅特葫蘆種子,Seed_032,中原甘藍種子,5,Seed_028,多瑪青梅種子,2,Seed_032,中原甘藍種子,93
Seed_010,米梅特葫蘆種子,Seed_044,風茄種子,5,Seed_029,瓦爾醋栗種子,2,Seed_033,阿澤瑪玫瑰種子,93
Seed_010,米梅特葫蘆種子,Seed_032,中原甘藍種子,5,Seed_027,輝鱗油梨種子,2,Seed_032,表現形式 ID 映射,93
Seed_010,米梅特葫蘆種子,Seed_044,風茄種子,5,Seed_024,謝爾達萊鳳梨種子,2,Seed_033,阿澤瑪玫瑰種子,93
Seed_010,米梅特葫蘆種子,Seed_044,風茄種子,5,Seed_028,多瑪青梅種子,2,Seed_033,阿澤瑪玫瑰種子,93
Seed_010,米梅特葫蘆種子,Seed_032,中原甘藍種子,5,Seed_024,謝爾達萊鳳梨種子,2,Seed_032,中原甘藍種子,93
Seed_010,米梅特葫蘆種子,Seed_044,風茄種子,5,Seed_027,輝鱗油梨種子,2,Seed_033,阿澤瑪玫瑰種子,93
Seed_010,米梅特葫蘆種子,Seed_032,中原甘藍種子,5,Seed_021,拉札罕檸檬種子,2,Seed_032,中原甘藍種子,93
Seed_010,米梅特葫蘆種子,Seed_032,中原甘藍種子,5,Seed_030,塞爾法特爾沙果種子,2,Seed_032,中原甘藍種子,93
Seed_010,米梅特葫蘆種子,Seed_032,中原甘藍種子,5,Seed_029,瓦爾醋栗種子,2,Seed_032,中原甘藍種子,93
Seed_010,米梅特葫蘆種子,Seed_044,風茄種子,5,Seed_026,基薩爾種子,3,Seed_033,阿澤瑪玫瑰種子,93
Seed_010,米梅特葫蘆種子,Seed_042,多刺菠蘿種子,5,Seed_020,克拉卡蘿蔔種子,3,Seed_006,提諾爾卡茶樹種子,93
Seed_010,米梅特葫蘆種子,Seed_044,風茄種子,5,Seed_021,拉札罕檸檬種子,2,Seed_033,阿澤瑪玫瑰種子,93
Seed_010,米梅特葫蘆種子,Seed_032,中原甘藍種子,5,Seed_026,基薩爾種子,3,Seed_032,中原甘藍種子,93
Seed_010,米梅特葫蘆種子,Seed_042,多刺菠蘿種子,5,Seed_021,拉札罕檸檬種子,2,Seed_006,提諾爾卡茶樹種子,92
Seed_010,米梅特葫蘆種子,Seed_042,多刺菠蘿種子,5,Seed_028,多瑪青梅種子,2,Seed_006,提諾爾卡茶樹種子,92
Seed_010,米梅特葫蘆種子,Seed_042,多刺菠蘿種子,5,Seed_027,輝鱗油梨種子,2,Seed_006,提諾爾卡茶樹種子,92
Seed_010,米梅特葫蘆種子,Seed_042,多刺菠蘿種子,5,Seed_025,奧·哥摩羅漿果種子,2,Seed_006,提諾爾卡茶樹種子,92
Seed_010,米梅特葫蘆種子,Seed_042,多刺菠蘿種子,5,Seed_029,瓦爾醋栗種子,2,Seed_006,提諾爾卡茶樹種子,92
Seed_010,米梅特葫蘆種子,Seed_042,多刺菠蘿種子,5,Seed_026,基薩爾種子,3,Seed_006,提諾爾卡茶樹種子,92
Seed_010,米梅特葫蘆種子,Seed_042,多刺菠蘿種子,5,Seed_030,塞爾法特爾沙果種子,2,Seed_006,提諾爾卡茶樹種子,92
Seed_010,米梅特葫蘆種子,Seed_042,多刺菠蘿種子,5,Seed_024,謝爾達萊鳳梨種子,2,Seed_006,提諾爾卡茶樹種子,92
Seed_010,米梅特葫蘆種子,Seed_033,阿澤瑪玫瑰種子,6,Seed_024,謝爾達萊鳳梨種子,2,Seed_033,阿澤瑪玫瑰種子,91
Seed_010,米梅特葫蘆種子,Seed_033,阿澤瑪玫瑰種子,6,Seed_021,拉札罕檸檬種子,2,Seed_033,阿澤瑪玫瑰種子,91
Seed_010,米梅特葫蘆種子,Seed_033,阿澤瑪玫瑰種子,6,Seed_025,奧·哥摩羅漿果種子,2,Seed_033,阿澤瑪玫瑰種子,91
Seed_010,米梅特葫蘆種子,Seed_033,阿澤瑪玫瑰種子,6,Seed_030,塞爾法特爾沙果種子,2,Seed_033,阿澤瑪玫瑰種子,91
Seed_010,米梅特葫蘆種子,Seed_033,阿澤瑪玫瑰種子,6,Seed_028,多瑪青梅種子,2,Seed_033,阿澤瑪玫瑰種子,91
Seed_010,米梅特葫蘆種子,Seed_033,阿澤瑪玫瑰種子,6,Seed_020,克拉卡蘿蔔種子,3,Seed_033,阿澤瑪玫瑰種子,91
Seed_010,米梅特葫蘆種子,Seed_033,阿澤瑪玫瑰種子,6,Seed_029,瓦爾醋栗種子,2,Seed_033,阿澤瑪玫瑰種子,91
Seed_010,米梅特葫蘆種子,Seed_033,阿澤瑪玫瑰種子,6,Seed_027,輝鱗油梨種子,2,Seed_033,阿澤瑪玫瑰種子,91
Seed_005,坦塔爾矮瓜種子,Seed_045,中原羅勒草種子,5,Seed_020,克拉卡蘿蔔種子,3,Seed_016,傘葉無花果種子,96
Seed_005,坦塔爾矮瓜種子,Seed_038,巫茄種子,5,Seed_020,克拉卡蘿蔔種子,3,Seed_005,坦塔爾矮瓜種子,96
Seed_005,坦塔爾矮瓜種子,Seed_045,中原羅勒草種子,5,Seed_025,奧·哥摩羅漿果種子,2,Seed_016,傘葉無花果種子,95
Seed_005,坦塔爾矮瓜種子,Seed_045,中原羅勒草種子,5,Seed_029,瓦爾醋栗種子,2,Seed_016,傘葉無花果種子,95
Seed_005,坦塔爾矮瓜種子,Seed_038,巫茄種子,5,Seed_026,基薩爾種子,3,Seed_005,坦塔爾矮瓜種子,95
Seed_005,坦塔爾矮瓜種子,Seed_045,中原羅勒草種子,5,Seed_027,輝鱗油梨種子,2,Seed_016,傘葉無花果種子,95
Seed_005,坦塔爾矮瓜種子,Seed_045,中原羅勒草種子,5,Seed_024,謝爾達萊鳳梨種子,2,Seed_016,傘葉無花果種子,95
Seed_005,坦塔爾矮瓜種子,Seed_045,中原羅勒草種子,5,Seed_030,塞爾法特爾沙果種子,2,Seed_016,傘葉無花果種子,95
Seed_005,坦塔爾矮瓜種子,Seed_045,中原羅勒草種子,5,Seed_021,拉札罕檸檬種子,2,Seed_016,傘葉無花果種子,95
Seed_005,坦塔爾矮瓜種子,Seed_045,中原羅勒草種子,5,Seed_026,基薩爾種子,3,Seed_016,傘葉無花果種子,95
Seed_005,坦塔爾矮瓜種子,Seed_045,中原羅勒草種子,5,Seed_028,多瑪青梅種子,2,Seed_016,傘葉無花果種子,95
Seed_005,坦塔爾矮瓜種子,Seed_038,巫茄種子,5,Seed_028,多瑪青梅種子,2,Seed_005,坦塔爾矮瓜種子,95
Seed_005,坦塔爾矮瓜種子,Seed_038,巫茄種子,5,Seed_030,塞爾法特爾沙果種子,2,Seed_005,坦塔爾矮瓜種子,95
Seed_005,坦塔爾矮瓜種子,Seed_038,巫茄種子,5,Seed_021,拉札罕檸檬種子,2,Seed_005,坦塔爾矮瓜種子,95
Seed_005,坦塔爾矮瓜種子,Seed_038,巫茄種子,5,Seed_029,瓦爾醋栗種子,2,Seed_005,坦塔爾矮瓜種子,95
Seed_005,坦塔爾矮瓜種子,Seed_038,巫茄種子,5,Seed_027,輝鱗油梨種子,2,Seed_005,坦塔爾矮瓜種子,95
Seed_005,坦塔爾矮瓜種子,Seed_038,巫茄種子,5,Seed_024,謝爾達萊鳳梨種子,2,Seed_005,坦塔爾矮瓜種子,95
Seed_005,坦塔爾矮瓜種子,Seed_038,巫茄種子,5,Seed_025,奧·哥摩羅漿果種子,2,Seed_005,坦塔爾矮瓜種子,95
Seed_005,坦塔爾矮瓜種子,Seed_038,巫茄種子,5,Seed_020,克拉卡蘿蔔種子,3,Seed_005,坦塔爾矮瓜種子,94
Seed_005,坦塔爾矮瓜種子,Seed_045,中原羅勒草種子,5,Seed_020,克拉卡蘿蔔種子,3,Seed_016,傘葉無花果種子,94
Seed_005,坦塔爾矮瓜種子,Seed_045,中原羅勒草種子,5,Seed_025,奧·哥摩羅漿果種子,2,Seed_016,傘葉無花果種子,93
Seed_005,坦塔爾矮瓜種子,Seed_038,巫茄種子,5,Seed_024,謝爾達萊鳳梨種子,2,Seed_005,坦塔爾矮瓜種子,93
Seed_005,坦塔爾矮瓜種子,Seed_045,中原羅勒草種子,5,Seed_030,塞爾法特爾沙果種子,2,Seed_016,傘葉無花果種子,93
Seed_005,坦塔爾矮瓜種子,Seed_045,中原羅勒草種子,5,Seed_029,瓦爾醋栗種子,2,Seed_016,傘葉無花果種子,93
Seed_005,坦塔爾矮瓜種子,Seed_038,巫茄種子,5,Seed_028,多瑪青梅種子,2,Seed_005,坦塔爾矮瓜種子,93
Seed_005,坦塔爾矮瓜種子,Seed_038,巫茄種子,5,Seed_029,瓦爾醋栗種子,2,Seed_005,坦塔爾矮瓜種子,93
Seed_005,坦塔爾矮瓜種子,Seed_038,巫茄種子,5,Seed_027,輝鱗油梨種子,2,Seed_005,坦塔爾矮瓜種子,93
Seed_005,坦塔爾矮瓜種子,Seed_038,巫茄種子,5,Seed_030,塞爾法特爾沙果種子,2,Seed_005,坦塔爾矮瓜種子,93
Seed_005,坦塔爾矮瓜種子,Seed_045,中原羅勒草種子,5,Seed_028,多瑪青梅種子,2,Seed_016,傘葉無花果種子,93
Seed_005,坦塔爾矮瓜種子,Seed_045,中原羅勒草種子,5,Seed_024,謝爾達萊鳳梨種子,2,Seed_016,傘葉無花果種子,93
Seed_005,坦塔爾矮瓜種子,Seed_045,中原羅勒草種子,5,Seed_027,輝鱗油梨種子,2,Seed_016,傘葉無花果種子,93
Seed_005,坦塔爾矮瓜種子,Seed_038,巫茄種子,5,Seed_025,奧·哥摩羅漿果種子,2,Seed_005,坦塔爾矮瓜種子,93
Seed_005,坦塔爾矮瓜種子,Seed_045,中原羅勒草種子,5,Seed_026,基薩爾種子,3,Seed_016,傘葉無花果種子,93
Seed_005,坦塔爾矮瓜種子,Seed_045,中原羅勒草種子,5,Seed_021,拉札罕檸檬種子,2,Seed_016,傘葉無花果種子,93
Seed_005,坦塔爾矮瓜種子,Seed_038,巫茄種子,5,Seed_021,拉札罕檸檬種子,2,Seed_005,坦塔爾矮瓜種子,93
Seed_005,坦塔爾矮瓜種子,Seed_041,蜜檸檬種子,5,Seed_020,克拉卡蘿蔔種子,3,Seed_022,晶亮蘋果種子,93
Seed_005,坦塔爾矮瓜種子,Seed_038,巫茄種子,5,Seed_026,基薩爾種子,3,Seed_005,坦塔爾矮瓜種子,93
Seed_005,坦塔爾矮瓜種子,Seed_041,蜜檸檬種子,5,Seed_029,瓦爾醋栗種子,2,Seed_022,晶亮蘋果種子,92
Seed_005,坦塔爾矮瓜種子,Seed_041,蜜檸檬種子,5,Seed_030,塞爾法特爾沙果種子,2,Seed_022,晶亮蘋果種子,92
Seed_005,坦塔爾矮瓜種子,Seed_041,蜜檸檬種子,5,Seed_026,基薩爾種子,3,Seed_022,晶亮蘋果種子,92
Seed_005,坦塔爾矮瓜種子,Seed_041,蜜檸檬種子,5,Seed_025,奧·哥摩羅漿果種子,2,Seed_022,晶亮蘋果種子,92
Seed_005,坦塔爾矮瓜種子,Seed_041,蜜檸檬種子,5,Seed_027,輝鱗油梨種子,2,Seed_022,晶亮蘋果種子,92
Seed_005,坦塔爾矮瓜種子,Seed_041,蜜檸檬種子,5,Seed_021,拉札罕檸檬種子,2,Seed_022,晶亮蘋果種子,92
Seed_005,坦塔爾矮瓜種子,Seed_041,蜜檸檬種子,5,Seed_028,多瑪青梅種子,2,Seed_022,晶亮蘋果種子,92
Seed_005,坦塔爾矮瓜種子,Seed_041,蜜檸檬種子,5,Seed_024,謝爾達萊鳳梨種子,2,Seed_022,晶亮蘋果種子,92
Seed_008,帕薩納紅茄種子,Seed_034,亞麻種子,5,Seed_020,克拉卡蘿蔔種子,3,Seed_034,亞麻種子,96
Seed_008,帕薩納紅茄種子,Seed_034,亞麻種子,5,Seed_028,多瑪青梅種子,2,Seed_034,亞麻種子,95
Seed_008,帕薩納紅茄種子,Seed_034,亞麻種子,5,Seed_025,奧·哥摩羅漿果種子,2,Seed_034,亞麻種子,95
Seed_008,帕薩納紅茄種子,Seed_034,亞麻種子,5,Seed_026,基薩爾種子,3,Seed_034,亞麻種子,95
Seed_008,帕薩納紅茄種子,Seed_034,亞麻種子,5,Seed_021,拉札罕檸檬種子,2,Seed_034,亞麻種子,95
Seed_008,帕薩納紅茄種子,Seed_034,亞麻種子,5,Seed_029,瓦爾醋栗種子,2,Seed_034,亞麻種子,95
Seed_008,帕薩納紅茄種子,Seed_034,亞麻種子,5,Seed_024,謝爾達萊鳳梨種子,2,Seed_034,亞麻種子,95
Seed_008,帕薩納紅茄種子,Seed_034,亞麻種子,5,Seed_030,塞爾法特爾沙果種子,2,Seed_034,亞麻種子,95
Seed_008,帕薩納紅茄種子,Seed_034,亞麻種子,5,Seed_027,輝鱗油梨種子,2,Seed_034,亞麻種子,95
Seed_008,帕薩納紅茄種子,Seed_039,羅蘭莓種子,5,Seed_020,克拉卡蘿蔔種子,3,Seed_019,血紅奇異果種子,94
Seed_008,帕薩納紅茄種子,Seed_035,多實玉米種子,5,Seed_020,克拉卡蘿蔔種子,3,Seed_023,新薯芽塊,94
Seed_008,帕薩納紅茄種子,Seed_034,亞麻種子,5,Seed_020,克拉卡蘿蔔種子,3,Seed_034,亞麻種子,94
Seed_008,帕薩納紅茄種子,Seed_035,多實玉米種子,5,Seed_025,奧·哥摩羅漿果種子,2,Seed_023,新薯芽塊,93
Seed_008,帕薩納紅茄種子,Seed_034,亞麻種子,5,Seed_025,奧·哥摩羅漿果種子,2,Seed_034,亞麻種子,93
Seed_008,帕薩納紅茄種子,Seed_034,亞麻種子,5,Seed_029,瓦爾醋栗種子,2,Seed_034,亞麻種子,93
Seed_008,帕薩納紅茄種子,Seed_034,亞麻種子,5,Seed_030,塞爾法特爾沙果種子,2,Seed_034,亞麻種子,93
Seed_008,帕薩納紅茄種子,Seed_034,亞麻種子,5,Seed_027,輝鱗油梨種子,2,Seed_034,亞麻種子,93
Seed_008,帕薩納紅茄種子,Seed_035,多實玉米種子,5,Seed_027,輝鱗油梨種子,2,Seed_023,新薯芽塊,93
Seed_008,帕薩納紅茄種子,Seed_034,亞麻種子,5,Seed_028,多瑪青梅種子,2,Seed_034,亞麻種子,93
Seed_008,帕薩納紅茄種子,Seed_034,亞麻種子,5,Seed_024,謝爾達萊鳳梨種子,2,Seed_034,亞麻種子,93
Seed_008,帕薩納紅茄種子,Seed_035,多實玉米種子,5,Seed_028,多瑪青梅種子,2,Seed_023,新薯芽塊,93
Seed_008,帕薩納紅茄種子,Seed_035,多實玉米種子,5,Seed_024,謝爾達萊鳳梨種子,2,Seed_023,新薯芽塊,93
Seed_008,帕薩納紅茄種子,Seed_035,多實玉米種子,5,Seed_029,瓦爾醋栗種子,2,Seed_023,新薯芽塊,93
Seed_008,帕薩納紅茄種子,Seed_035,多實玉米種子,5,Seed_030,塞爾法特爾沙果種子,2,Seed_023,新薯芽塊,93
Seed_008,帕薩納紅茄種子,Seed_039,羅蘭莓種子,5,Seed_021,拉札罕檸檬種子,2,Seed_019,血紅奇異果種子,93
Seed_008,帕薩納紅茄種子,Seed_034,亞麻種子,5,Seed_026,基薩爾種子,3,Seed_034,亞麻種子,93
Seed_008,帕薩納紅茄種子,Seed_039,羅蘭莓種子,5,Seed_029,瓦爾醋栗種子,2,Seed_019,血紅奇異果種子,93
Seed_008,帕薩納紅茄種子,Seed_039,羅蘭莓種子,5,Seed_027,輝鱗油梨種子,2,Seed_019,血紅奇異果種子,93
Seed_008,帕薩納紅茄種子,Seed_039,羅蘭莓種子,5,Seed_030,塞爾法特爾沙果種子,2,Seed_019,血紅奇異果種子,93
Seed_008,帕薩納紅茄種子,Seed_039,羅蘭莓種子,5,Seed_026,基薩爾種子,3,Seed_019,血紅奇異果種子,93
Seed_008,帕薩納紅茄種子,Seed_039,羅蘭莓種子,5,Seed_025,奧·哥摩羅漿果種子,2,Seed_019,血紅奇異果種子,93
Seed_008,帕薩納紅茄種子,Seed_039,羅蘭莓種子,5,Seed_028,多瑪青梅種子,2,Seed_019,血紅奇異果種子,93
Seed_008,帕薩納紅茄種子,Seed_034,亞麻種子,5,Seed_021,拉札罕檸檬種子,2,Seed_034,亞麻種子,93
Seed_008,帕薩納紅茄種子,Seed_039,羅蘭莓種子,5,Seed_024,謝爾達萊鳳梨種子,2,Seed_019,血紅奇異果種子,93
Seed_008,帕薩納紅茄種子,Seed_035,多實玉米種子,5,Seed_026,基薩爾種子,3,Seed_023,新薯芽塊,93
Seed_008,帕薩納紅茄種子,Seed_035,多實玉米種子,5,Seed_021,拉札罕檸檬種子,2,Seed_023,新薯芽塊,93